sample	sex	population	superpopulation
HGDP00001	M	Brahui	CENTRAL_SOUTH_ASIA
HGDP00003	M	Brahui	CENTRAL_SOUTH_ASIA
HGDP00005	M	Brahui	CENTRAL_SOUTH_ASIA
HGDP00007	M	Brahui	CENTRAL_SOUTH_ASIA
HGDP00009	M	Brahui	CENTRAL_SOUTH_ASIA
HGDP00011	M	Brahui	CENTRAL_SOUTH_ASIA
HGDP00013	M	Brahui	CENTRAL_SOUTH_ASIA
HGDP00015	M	Brahui	CENTRAL_SOUTH_ASIA
HGDP00017	M	Brahui	CENTRAL_SOUTH_ASIA
HGDP00019	M	Brahui	CENTRAL_SOUTH_ASIA
HGDP00021	M	Brahui	CENTRAL_SOUTH_ASIA
HGDP00023	M	Brahui	CENTRAL_SOUTH_ASIA
HGDP00025	M	Brahui	CENTRAL_SOUTH_ASIA
HGDP00027	M	Brahui	CENTRAL_SOUTH_ASIA
HGDP00029	M	Brahui	CENTRAL_SOUTH_ASIA
HGDP00031	M	Brahui	CENTRAL_SOUTH_ASIA
HGDP00033	M	Brahui	CENTRAL_SOUTH_ASIA
HGDP00035	M	Brahui	CENTRAL_SOUTH_ASIA
HGDP00037	M	Brahui	CENTRAL_SOUTH_ASIA
HGDP00039	M	Brahui	CENTRAL_SOUTH_ASIA
HGDP00041	M	Brahui	CENTRAL_SOUTH_ASIA
HGDP00043	M	Brahui	CENTRAL_SOUTH_ASIA
HGDP00045	M	Brahui	CENTRAL_SOUTH_ASIA
HGDP00047	M	Brahui	CENTRAL_SOUTH_ASIA
HGDP00049	M	Brahui	CENTRAL_SOUTH_ASIA
HGDP00052	M	Balochi	CENTRAL_SOUTH_ASIA
HGDP00054	M	Balochi	CENTRAL_SOUTH_ASIA
HGDP00056	M	Balochi	CENTRAL_SOUTH_ASIA
HGDP00057	M	Balochi	CENTRAL_SOUTH_ASIA
HGDP00058	M	Balochi	CENTRAL_SOUTH_ASIA
HGDP00060	M	Balochi	CENTRAL_SOUTH_ASIA
HGDP00062	M	Balochi	CENTRAL_SOUTH_ASIA
HGDP00064	M	Balochi	CENTRAL_SOUTH_ASIA
HGDP00066	M	Balochi	CENTRAL_SOUTH_ASIA
HGDP00068	M	Balochi	CENTRAL_SOUTH_ASIA
HGDP00070	M	Balochi	CENTRAL_SOUTH_ASIA
HGDP00072	M	Balochi	CENTRAL_SOUTH_ASIA
HGDP00074	M	Balochi	CENTRAL_SOUTH_ASIA
HGDP00076	M	Balochi	CENTRAL_SOUTH_ASIA
HGDP00078	M	Balochi	CENTRAL_SOUTH_ASIA
HGDP00080	M	Balochi	CENTRAL_SOUTH_ASIA
HGDP00082	M	Balochi	CENTRAL_SOUTH_ASIA
HGDP00086	M	Balochi	CENTRAL_SOUTH_ASIA
HGDP00088	M	Balochi	CENTRAL_SOUTH_ASIA
HGDP00090	M	Balochi	CENTRAL_SOUTH_ASIA
HGDP00092	M	Balochi	CENTRAL_SOUTH_ASIA
HGDP00094	M	Balochi	CENTRAL_SOUTH_ASIA
HGDP00096	M	Balochi	CENTRAL_SOUTH_ASIA
HGDP00098	M	Balochi	CENTRAL_SOUTH_ASIA
HGDP00099	M	Hazara	CENTRAL_SOUTH_ASIA
HGDP00100	M	Hazara	CENTRAL_SOUTH_ASIA
HGDP00102	M	Hazara	CENTRAL_SOUTH_ASIA
HGDP00103	M	Hazara	CENTRAL_SOUTH_ASIA
HGDP00104	M	Hazara	CENTRAL_SOUTH_ASIA
HGDP00105	M	Hazara	CENTRAL_SOUTH_ASIA
HGDP00106	M	Hazara	CENTRAL_SOUTH_ASIA
HGDP00108	M	Hazara	CENTRAL_SOUTH_ASIA
HGDP00109	M	Hazara	CENTRAL_SOUTH_ASIA
HGDP00110	M	Hazara	CENTRAL_SOUTH_ASIA
HGDP00115	M	Hazara	CENTRAL_SOUTH_ASIA
HGDP00118	M	Hazara	CENTRAL_SOUTH_ASIA
HGDP00120	M	Hazara	CENTRAL_SOUTH_ASIA
HGDP00121	M	Hazara	CENTRAL_SOUTH_ASIA
HGDP00122	M	Hazara	CENTRAL_SOUTH_ASIA
HGDP00124	M	Hazara	CENTRAL_SOUTH_ASIA
HGDP00125	M	Hazara	CENTRAL_SOUTH_ASIA
HGDP00127	M	Hazara	CENTRAL_SOUTH_ASIA
HGDP00129	M	Hazara	CENTRAL_SOUTH_ASIA
HGDP00130	M	Makrani	CENTRAL_SOUTH_ASIA
HGDP00131	M	Makrani	CENTRAL_SOUTH_ASIA
HGDP00133	M	Makrani	CENTRAL_SOUTH_ASIA
HGDP00134	M	Makrani	CENTRAL_SOUTH_ASIA
HGDP00135	M	Makrani	CENTRAL_SOUTH_ASIA
HGDP00136	M	Makrani	CENTRAL_SOUTH_ASIA
HGDP00137	M	Makrani	CENTRAL_SOUTH_ASIA
HGDP00139	M	Makrani	CENTRAL_SOUTH_ASIA
HGDP00140	M	Makrani	CENTRAL_SOUTH_ASIA
HGDP00141	M	Makrani	CENTRAL_SOUTH_ASIA
HGDP00143	M	Makrani	CENTRAL_SOUTH_ASIA
HGDP00144	M	Makrani	CENTRAL_SOUTH_ASIA
HGDP00145	M	Makrani	CENTRAL_SOUTH_ASIA
HGDP00146	M	Makrani	CENTRAL_SOUTH_ASIA
HGDP00148	M	Makrani	CENTRAL_SOUTH_ASIA
HGDP00149	M	Makrani	CENTRAL_SOUTH_ASIA
HGDP00150	M	Makrani	CENTRAL_SOUTH_ASIA
HGDP00151	F	Makrani	CENTRAL_SOUTH_ASIA
HGDP00153	F	Makrani	CENTRAL_SOUTH_ASIA
HGDP00154	F	Makrani	CENTRAL_SOUTH_ASIA
HGDP00155	F	Makrani	CENTRAL_SOUTH_ASIA
HGDP00157	F	Makrani	CENTRAL_SOUTH_ASIA
HGDP00158	M	Makrani	CENTRAL_SOUTH_ASIA
HGDP00160	M	Makrani	CENTRAL_SOUTH_ASIA
HGDP00161	M	Makrani	CENTRAL_SOUTH_ASIA
HGDP00163	M	Sindhi	CENTRAL_SOUTH_ASIA
HGDP00165	M	Sindhi	CENTRAL_SOUTH_ASIA
HGDP00167	M	Sindhi	CENTRAL_SOUTH_ASIA
HGDP00169	M	Sindhi	CENTRAL_SOUTH_ASIA
HGDP00171	M	Sindhi	CENTRAL_SOUTH_ASIA
HGDP00173	M	Sindhi	CENTRAL_SOUTH_ASIA
HGDP00175	M	Sindhi	CENTRAL_SOUTH_ASIA
HGDP00177	M	Sindhi	CENTRAL_SOUTH_ASIA
HGDP00179	M	Sindhi	CENTRAL_SOUTH_ASIA
HGDP00181	M	Sindhi	CENTRAL_SOUTH_ASIA
HGDP00183	M	Sindhi	CENTRAL_SOUTH_ASIA
HGDP00185	M	Sindhi	CENTRAL_SOUTH_ASIA
HGDP00187	M	Sindhi	CENTRAL_SOUTH_ASIA
HGDP00189	M	Sindhi	CENTRAL_SOUTH_ASIA
HGDP00191	M	Sindhi	CENTRAL_SOUTH_ASIA
HGDP00192	F	Sindhi	CENTRAL_SOUTH_ASIA
HGDP00195	F	Sindhi	CENTRAL_SOUTH_ASIA
HGDP00197	M	Sindhi	CENTRAL_SOUTH_ASIA
HGDP00199	M	Sindhi	CENTRAL_SOUTH_ASIA
HGDP00201	M	Sindhi	CENTRAL_SOUTH_ASIA
HGDP00205	M	Sindhi	CENTRAL_SOUTH_ASIA
HGDP00206	F	Sindhi	CENTRAL_SOUTH_ASIA
HGDP00208	M	Sindhi	CENTRAL_SOUTH_ASIA
HGDP00210	F	Sindhi	CENTRAL_SOUTH_ASIA
HGDP00213	M	Pathan	CENTRAL_SOUTH_ASIA
HGDP00214	M	Pathan	CENTRAL_SOUTH_ASIA
HGDP00216	M	Pathan	CENTRAL_SOUTH_ASIA
HGDP00218	M	Pathan	CENTRAL_SOUTH_ASIA
HGDP00222	M	Pathan	CENTRAL_SOUTH_ASIA
HGDP00224	M	Pathan	CENTRAL_SOUTH_ASIA
HGDP00226	M	Pathan	CENTRAL_SOUTH_ASIA
HGDP00228	M	Pathan	CENTRAL_SOUTH_ASIA
HGDP00230	M	Pathan	CENTRAL_SOUTH_ASIA
HGDP00232	F	Pathan	CENTRAL_SOUTH_ASIA
HGDP00234	M	Pathan	CENTRAL_SOUTH_ASIA
HGDP00237	F	Pathan	CENTRAL_SOUTH_ASIA
HGDP00239	F	Pathan	CENTRAL_SOUTH_ASIA
HGDP00241	M	Pathan	CENTRAL_SOUTH_ASIA
HGDP00243	M	Pathan	CENTRAL_SOUTH_ASIA
HGDP00244	F	Pathan	CENTRAL_SOUTH_ASIA
HGDP00247	F	Pathan	CENTRAL_SOUTH_ASIA
HGDP00248	M	Pathan	CENTRAL_SOUTH_ASIA
HGDP00251	M	Pathan	CENTRAL_SOUTH_ASIA
HGDP00254	M	Pathan	CENTRAL_SOUTH_ASIA
HGDP00258	M	Pathan	CENTRAL_SOUTH_ASIA
HGDP00259	M	Pathan	CENTRAL_SOUTH_ASIA
HGDP00262	M	Pathan	CENTRAL_SOUTH_ASIA
HGDP00264	M	Pathan	CENTRAL_SOUTH_ASIA
HGDP00274	F	Kalash	CENTRAL_SOUTH_ASIA
HGDP00277	M	Kalash	CENTRAL_SOUTH_ASIA
HGDP00279	M	Kalash	CENTRAL_SOUTH_ASIA
HGDP00281	M	Kalash	CENTRAL_SOUTH_ASIA
HGDP00285	M	Kalash	CENTRAL_SOUTH_ASIA
HGDP00286	F	Kalash	CENTRAL_SOUTH_ASIA
HGDP00288	M	Kalash	CENTRAL_SOUTH_ASIA
HGDP00290	M	Kalash	CENTRAL_SOUTH_ASIA
HGDP00298	F	Kalash	CENTRAL_SOUTH_ASIA
HGDP00302	M	Kalash	CENTRAL_SOUTH_ASIA
HGDP00304	F	Kalash	CENTRAL_SOUTH_ASIA
HGDP00307	M	Kalash	CENTRAL_SOUTH_ASIA
HGDP00309	M	Kalash	CENTRAL_SOUTH_ASIA
HGDP00311	M	Kalash	CENTRAL_SOUTH_ASIA
HGDP00313	M	Kalash	CENTRAL_SOUTH_ASIA
HGDP00315	M	Kalash	CENTRAL_SOUTH_ASIA
HGDP00319	M	Kalash	CENTRAL_SOUTH_ASIA
HGDP00323	F	Kalash	CENTRAL_SOUTH_ASIA
HGDP00326	M	Kalash	CENTRAL_SOUTH_ASIA
HGDP00328	M	Kalash	CENTRAL_SOUTH_ASIA
HGDP00330	M	Kalash	CENTRAL_SOUTH_ASIA
HGDP00333	M	Kalash	CENTRAL_SOUTH_ASIA
HGDP00338	F	Burusho	CENTRAL_SOUTH_ASIA
HGDP00341	M	Burusho	CENTRAL_SOUTH_ASIA
HGDP00346	M	Burusho	CENTRAL_SOUTH_ASIA
HGDP00351	M	Burusho	CENTRAL_SOUTH_ASIA
HGDP00356	F	Burusho	CENTRAL_SOUTH_ASIA
HGDP00359	M	Burusho	CENTRAL_SOUTH_ASIA
HGDP00364	M	Burusho	CENTRAL_SOUTH_ASIA
HGDP00371	F	Burusho	CENTRAL_SOUTH_ASIA
HGDP00372	M	Burusho	CENTRAL_SOUTH_ASIA
HGDP00376	M	Burusho	CENTRAL_SOUTH_ASIA
HGDP00382	M	Burusho	CENTRAL_SOUTH_ASIA
HGDP00388	M	Burusho	CENTRAL_SOUTH_ASIA
HGDP00392	M	Burusho	CENTRAL_SOUTH_ASIA
HGDP00397	M	Burusho	CENTRAL_SOUTH_ASIA
HGDP00402	M	Burusho	CENTRAL_SOUTH_ASIA
HGDP00407	M	Burusho	CENTRAL_SOUTH_ASIA
HGDP00412	M	Burusho	CENTRAL_SOUTH_ASIA
HGDP00417	M	Burusho	CENTRAL_SOUTH_ASIA
HGDP00423	M	Burusho	CENTRAL_SOUTH_ASIA
HGDP00428	M	Burusho	CENTRAL_SOUTH_ASIA
HGDP00433	M	Burusho	CENTRAL_SOUTH_ASIA
HGDP00438	M	Burusho	CENTRAL_SOUTH_ASIA
HGDP00444	F	Burusho	CENTRAL_SOUTH_ASIA
HGDP00445	M	Burusho	CENTRAL_SOUTH_ASIA
HGDP00449	M	Mbuti	AFRICA
HGDP00450	M	Mbuti	AFRICA
HGDP00452	M	Biaka	AFRICA
HGDP00453	M	Biaka	AFRICA
HGDP00454	M	Biaka	AFRICA
HGDP00455	M	Biaka	AFRICA
HGDP00456	M	Mbuti	AFRICA
HGDP00457	M	Biaka	AFRICA
HGDP00458	M	Biaka	AFRICA
HGDP00459	M	Biaka	AFRICA
HGDP00460	M	Biaka	AFRICA
HGDP00461	M	Biaka	AFRICA
HGDP00462	M	Mbuti	AFRICA
HGDP00463	M	Mbuti	AFRICA
HGDP00464	M	Biaka	AFRICA
HGDP00466	M	Biaka	AFRICA
HGDP00467	M	Mbuti	AFRICA
HGDP00469	M	Biaka	AFRICA
HGDP00470	M	Biaka	AFRICA
HGDP00471	F	Mbuti	AFRICA
HGDP00472	M	Biaka	AFRICA
HGDP00473	M	Biaka	AFRICA
HGDP00474	M	Mbuti	AFRICA
HGDP00475	M	Biaka	AFRICA
HGDP00476	F	Mbuti	AFRICA
HGDP00478	M	Mbuti	AFRICA
HGDP00479	M	Biaka	AFRICA
HGDP00491	M	Bougainville	OCEANIA
HGDP00511	M	French	EUROPE
HGDP00512	M	French	EUROPE
HGDP00513	F	French	EUROPE
HGDP00514	F	French	EUROPE
HGDP00515	M	French	EUROPE
HGDP00516	F	French	EUROPE
HGDP00517	F	French	EUROPE
HGDP00518	M	French	EUROPE
HGDP00519	M	French	EUROPE
HGDP00520	F	French	EUROPE
HGDP00521	M	French	EUROPE
HGDP00522	M	French	EUROPE
HGDP00523	F	French	EUROPE
HGDP00524	F	French	EUROPE
HGDP00525	M	French	EUROPE
HGDP00526	F	French	EUROPE
HGDP00527	F	French	EUROPE
HGDP00528	M	French	EUROPE
HGDP00529	F	French	EUROPE
HGDP00530	M	French	EUROPE
HGDP00531	F	French	EUROPE
HGDP00533	M	French	EUROPE
HGDP00534	F	French	EUROPE
HGDP00535	F	French	EUROPE
HGDP00536	F	French	EUROPE
HGDP00537	F	French	EUROPE
HGDP00538	M	French	EUROPE
HGDP00539	F	French	EUROPE
HGDP00540	M	PapuanSepik	OCEANIA
HGDP00541	M	PapuanSepik	OCEANIA
HGDP00542	M	PapuanSepik	OCEANIA
HGDP00543	M	PapuanSepik	OCEANIA
HGDP00544	F	PapuanSepik	OCEANIA
HGDP00545	M	PapuanSepik	OCEANIA
HGDP00546	M	PapuanSepik	OCEANIA
HGDP00547	M	PapuanSepik	OCEANIA
HGDP00548	M	PapuanHighlands	OCEANIA
HGDP00549	M	PapuanHighlands	OCEANIA
HGDP00550	F	PapuanHighlands	OCEANIA
HGDP00551	M	PapuanHighlands	OCEANIA
HGDP00552	F	PapuanHighlands	OCEANIA
HGDP00553	M	PapuanHighlands	OCEANIA
HGDP00554	F	PapuanHighlands	OCEANIA
HGDP00555	M	PapuanHighlands	OCEANIA
HGDP00556	M	PapuanHighlands	OCEANIA
HGDP00557	F	Druze	MIDDLE_EAST
HGDP00558	F	Druze	MIDDLE_EAST
HGDP00559	F	Druze	MIDDLE_EAST
HGDP00560	F	Druze	MIDDLE_EAST
HGDP00561	F	Druze	MIDDLE_EAST
HGDP00562	M	Druze	MIDDLE_EAST
HGDP00563	F	Druze	MIDDLE_EAST
HGDP00564	F	Druze	MIDDLE_EAST
HGDP00565	F	Druze	MIDDLE_EAST
HGDP00566	F	Druze	MIDDLE_EAST
HGDP00567	F	Druze	MIDDLE_EAST
HGDP00568	F	Druze	MIDDLE_EAST
HGDP00569	F	Druze	MIDDLE_EAST
HGDP00571	F	Druze	MIDDLE_EAST
HGDP00572	F	Druze	MIDDLE_EAST
HGDP00573	F	Druze	MIDDLE_EAST
HGDP00574	F	Druze	MIDDLE_EAST
HGDP00575	F	Druze	MIDDLE_EAST
HGDP00576	M	Druze	MIDDLE_EAST
HGDP00577	F	Druze	MIDDLE_EAST
HGDP00578	F	Druze	MIDDLE_EAST
HGDP00579	F	Druze	MIDDLE_EAST
HGDP00580	M	Druze	MIDDLE_EAST
HGDP00581	F	Druze	MIDDLE_EAST
HGDP00582	F	Druze	MIDDLE_EAST
HGDP00583	F	Druze	MIDDLE_EAST
HGDP00584	F	Druze	MIDDLE_EAST
HGDP00586	F	Druze	MIDDLE_EAST
HGDP00587	F	Druze	MIDDLE_EAST
HGDP00588	M	Druze	MIDDLE_EAST
HGDP00590	F	Druze	MIDDLE_EAST
HGDP00591	F	Druze	MIDDLE_EAST
HGDP00594	M	Druze	MIDDLE_EAST
HGDP00595	M	Druze	MIDDLE_EAST
HGDP00597	M	Druze	MIDDLE_EAST
HGDP00598	M	Druze	MIDDLE_EAST
HGDP00599	M	Druze	MIDDLE_EAST
HGDP00600	M	Druze	MIDDLE_EAST
HGDP00601	F	Druze	MIDDLE_EAST
HGDP00602	M	Druze	MIDDLE_EAST
HGDP00604	M	Druze	MIDDLE_EAST
HGDP00606	F	Druze	MIDDLE_EAST
HGDP00607	F	Bedouin	MIDDLE_EAST
HGDP00608	M	Bedouin	MIDDLE_EAST
HGDP00609	M	Bedouin	MIDDLE_EAST
HGDP00610	M	Bedouin	MIDDLE_EAST
HGDP00611	M	Bedouin	MIDDLE_EAST
HGDP00612	F	Bedouin	MIDDLE_EAST
HGDP00613	F	Bedouin	MIDDLE_EAST
HGDP00614	F	Bedouin	MIDDLE_EAST
HGDP00615	F	Bedouin	MIDDLE_EAST
HGDP00616	M	Bedouin	MIDDLE_EAST
HGDP00618	M	Bedouin	MIDDLE_EAST
HGDP00619	M	Bedouin	MIDDLE_EAST
HGDP00620	M	Bedouin	MIDDLE_EAST
HGDP00621	M	Bedouin	MIDDLE_EAST
HGDP00622	M	Bedouin	MIDDLE_EAST
HGDP00623	M	Bedouin	MIDDLE_EAST
HGDP00624	M	Bedouin	MIDDLE_EAST
HGDP00625	M	Bedouin	MIDDLE_EAST
HGDP00626	M	Bedouin	MIDDLE_EAST
HGDP00627	M	Bedouin	MIDDLE_EAST
HGDP00628	M	Bedouin	MIDDLE_EAST
HGDP00629	M	Bedouin	MIDDLE_EAST
HGDP00630	M	Bedouin	MIDDLE_EAST
HGDP00631	M	Bedouin	MIDDLE_EAST
HGDP00632	F	Bedouin	MIDDLE_EAST
HGDP00634	F	Bedouin	MIDDLE_EAST
HGDP00635	F	Bedouin	MIDDLE_EAST
HGDP00636	F	Bedouin	MIDDLE_EAST
HGDP00637	F	Bedouin	MIDDLE_EAST
HGDP00638	F	Bedouin	MIDDLE_EAST
HGDP00639	M	Bedouin	MIDDLE_EAST
HGDP00640	M	Bedouin	MIDDLE_EAST
HGDP00641	M	Bedouin	MIDDLE_EAST
HGDP00642	M	Bedouin	MIDDLE_EAST
HGDP00643	F	Bedouin	MIDDLE_EAST
HGDP00644	M	Bedouin	MIDDLE_EAST
HGDP00645	M	Bedouin	MIDDLE_EAST
HGDP00646	F	Bedouin	MIDDLE_EAST
HGDP00647	F	Bedouin	MIDDLE_EAST
HGDP00648	M	Bedouin	MIDDLE_EAST
HGDP00649	F	Bedouin	MIDDLE_EAST
HGDP00650	F	Bedouin	MIDDLE_EAST
HGDP00651	F	Bedouin	MIDDLE_EAST
HGDP00653	F	Bedouin	MIDDLE_EAST
HGDP00654	M	Bedouin	MIDDLE_EAST
HGDP00655	M	Bougainville	OCEANIA
HGDP00656	F	Bougainville	OCEANIA
HGDP00660	F	Bougainville	OCEANIA
HGDP00661	F	Bougainville	OCEANIA
HGDP00662	M	Bougainville	OCEANIA
HGDP00663	F	Bougainville	OCEANIA
HGDP00664	F	Bougainville	OCEANIA
HGDP00665	M	Sardinian	EUROPE
HGDP00666	M	Sardinian	EUROPE
HGDP00667	F	Sardinian	EUROPE
HGDP00668	M	Sardinian	EUROPE
HGDP00669	F	Sardinian	EUROPE
HGDP00670	M	Sardinian	EUROPE
HGDP00671	M	Sardinian	EUROPE
HGDP00672	F	Sardinian	EUROPE
HGDP00673	F	Sardinian	EUROPE
HGDP00674	M	Sardinian	EUROPE
HGDP00675	M	Palestinian	MIDDLE_EAST
HGDP00676	M	Palestinian	MIDDLE_EAST
HGDP00677	M	Palestinian	MIDDLE_EAST
HGDP00678	M	Palestinian	MIDDLE_EAST
HGDP00679	F	Palestinian	MIDDLE_EAST
HGDP00680	F	Palestinian	MIDDLE_EAST
HGDP00682	F	Palestinian	MIDDLE_EAST
HGDP00683	F	Palestinian	MIDDLE_EAST
HGDP00684	F	Palestinian	MIDDLE_EAST
HGDP00685	F	Palestinian	MIDDLE_EAST
HGDP00686	F	Palestinian	MIDDLE_EAST
HGDP00687	F	Palestinian	MIDDLE_EAST
HGDP00688	F	Palestinian	MIDDLE_EAST
HGDP00689	F	Palestinian	MIDDLE_EAST
HGDP00690	F	Palestinian	MIDDLE_EAST
HGDP00691	F	Palestinian	MIDDLE_EAST
HGDP00692	F	Palestinian	MIDDLE_EAST
HGDP00693	F	Palestinian	MIDDLE_EAST
HGDP00694	F	Palestinian	MIDDLE_EAST
HGDP00696	F	Palestinian	MIDDLE_EAST
HGDP00697	F	Palestinian	MIDDLE_EAST
HGDP00698	F	Palestinian	MIDDLE_EAST
HGDP00699	F	Palestinian	MIDDLE_EAST
HGDP00700	F	Palestinian	MIDDLE_EAST
HGDP00701	F	Bedouin	MIDDLE_EAST
HGDP00702	F	Colombian	AMERICA
HGDP00703	M	Colombian	AMERICA
HGDP00704	F	Colombian	AMERICA
HGDP00706	F	Colombian	AMERICA
HGDP00708	F	Colombian	AMERICA
HGDP00710	M	Colombian	AMERICA
HGDP00711	M	Cambodian	EAST_ASIA
HGDP00712	F	Cambodian	EAST_ASIA
HGDP00713	F	Cambodian	EAST_ASIA
HGDP00714	M	Cambodian	EAST_ASIA
HGDP00715	M	Cambodian	EAST_ASIA
HGDP00716	M	Cambodian	EAST_ASIA
HGDP00717	M	Cambodian	EAST_ASIA
HGDP00719	F	Cambodian	EAST_ASIA
HGDP00721	F	Cambodian	EAST_ASIA
HGDP00722	M	Palestinian	MIDDLE_EAST
HGDP00723	M	Palestinian	MIDDLE_EAST
HGDP00724	M	Palestinian	MIDDLE_EAST
HGDP00725	M	Palestinian	MIDDLE_EAST
HGDP00726	M	Palestinian	MIDDLE_EAST
HGDP00727	M	Palestinian	MIDDLE_EAST
HGDP00729	M	Palestinian	MIDDLE_EAST
HGDP00730	M	Palestinian	MIDDLE_EAST
HGDP00731	M	Palestinian	MIDDLE_EAST
HGDP00732	M	Palestinian	MIDDLE_EAST
HGDP00733	M	Palestinian	MIDDLE_EAST
HGDP00734	M	Palestinian	MIDDLE_EAST
HGDP00735	F	Palestinian	MIDDLE_EAST
HGDP00736	F	Palestinian	MIDDLE_EAST
HGDP00737	F	Palestinian	MIDDLE_EAST
HGDP00738	F	Palestinian	MIDDLE_EAST
HGDP00739	F	Palestinian	MIDDLE_EAST
HGDP00740	F	Palestinian	MIDDLE_EAST
HGDP00741	F	Palestinian	MIDDLE_EAST
HGDP00744	F	Palestinian	MIDDLE_EAST
HGDP00745	F	Palestinian	MIDDLE_EAST
HGDP00746	F	Palestinian	MIDDLE_EAST
HGDP00747	M	Japanese	EAST_ASIA
HGDP00748	M	Japanese	EAST_ASIA
HGDP00749	M	Japanese	EAST_ASIA
HGDP00750	M	Japanese	EAST_ASIA
HGDP00751	M	Japanese	EAST_ASIA
HGDP00752	M	Japanese	EAST_ASIA
HGDP00753	M	Japanese	EAST_ASIA
HGDP00754	F	Japanese	EAST_ASIA
HGDP00755	M	Japanese	EAST_ASIA
HGDP00756	F	Japanese	EAST_ASIA
HGDP00757	M	Japanese	EAST_ASIA
HGDP00758	M	Japanese	EAST_ASIA
HGDP00759	M	Japanese	EAST_ASIA
HGDP00760	F	Japanese	EAST_ASIA
HGDP00761	F	Japanese	EAST_ASIA
HGDP00762	M	Japanese	EAST_ASIA
HGDP00764	M	Japanese	EAST_ASIA
HGDP00765	F	Japanese	EAST_ASIA
HGDP00766	M	Japanese	EAST_ASIA
HGDP00767	M	Japanese	EAST_ASIA
HGDP00769	M	Japanese	EAST_ASIA
HGDP00771	F	Japanese	EAST_ASIA
HGDP00772	F	Japanese	EAST_ASIA
HGDP00773	F	Japanese	EAST_ASIA
HGDP00774	M	Han	EAST_ASIA
HGDP00775	M	Han	EAST_ASIA
HGDP00776	F	Han	EAST_ASIA
HGDP00777	M	Han	EAST_ASIA
HGDP00778	M	Han	EAST_ASIA
HGDP00779	M	Han	EAST_ASIA
HGDP00780	M	Han	EAST_ASIA
HGDP00781	F	Han	EAST_ASIA
HGDP00782	M	Han	EAST_ASIA
HGDP00783	F	Han	EAST_ASIA
HGDP00784	F	Han	EAST_ASIA
HGDP00785	M	Han	EAST_ASIA
HGDP00786	M	Han	EAST_ASIA
HGDP00787	F	Bougainville	OCEANIA
HGDP00788	M	Bougainville	OCEANIA
HGDP00790	M	Japanese	EAST_ASIA
HGDP00791	M	Japanese	EAST_ASIA
HGDP00794	F	Orcadian	EUROPE
HGDP00795	M	Orcadian	EUROPE
HGDP00796	F	Orcadian	EUROPE
HGDP00797	F	Orcadian	EUROPE
HGDP00798	M	Orcadian	EUROPE
HGDP00799	F	Orcadian	EUROPE
HGDP00800	F	Orcadian	EUROPE
HGDP00802	F	Orcadian	EUROPE
HGDP00803	M	Orcadian	EUROPE
HGDP00804	M	Orcadian	EUROPE
HGDP00805	F	Orcadian	EUROPE
HGDP00806	F	Orcadian	EUROPE
HGDP00807	M	Orcadian	EUROPE
HGDP00808	M	Orcadian	EUROPE
HGDP00810	M	Orcadian	EUROPE
HGDP00811	F	Han	EAST_ASIA
HGDP00812	F	Han	EAST_ASIA
HGDP00813	F	Han	EAST_ASIA
HGDP00814	F	Han	EAST_ASIA
HGDP00815	M	Han	EAST_ASIA
HGDP00817	F	Han	EAST_ASIA
HGDP00818	F	Han	EAST_ASIA
HGDP00819	M	Han	EAST_ASIA
HGDP00820	F	Han	EAST_ASIA
HGDP00821	M	Han	EAST_ASIA
HGDP00822	M	Han	EAST_ASIA
HGDP00828	M	Japanese	EAST_ASIA
HGDP00832	F	Surui	AMERICA
HGDP00837	M	Surui	AMERICA
HGDP00838	F	Surui	AMERICA
HGDP00843	M	Surui	AMERICA
HGDP00845	M	Surui	AMERICA
HGDP00846	F	Surui	AMERICA
HGDP00849	M	Surui	AMERICA
HGDP00852	F	Surui	AMERICA
HGDP00854	F	Maya	AMERICA
HGDP00855	F	Maya	AMERICA
HGDP00856	M	Maya	AMERICA
HGDP00857	F	Maya	AMERICA
HGDP00858	F	Maya	AMERICA
HGDP00859	F	Maya	AMERICA
HGDP00860	F	Maya	AMERICA
HGDP00861	F	Maya	AMERICA
HGDP00862	F	Maya	AMERICA
HGDP00863	F	Maya	AMERICA
HGDP00864	F	Maya	AMERICA
HGDP00865	F	Maya	AMERICA
HGDP00868	F	Maya	AMERICA
HGDP00869	F	Maya	AMERICA
HGDP00870	F	Maya	AMERICA
HGDP00871	F	Maya	AMERICA
HGDP00872	F	Maya	AMERICA
HGDP00873	F	Maya	AMERICA
HGDP00875	F	Maya	AMERICA
HGDP00876	F	Maya	AMERICA
HGDP00877	M	Maya	AMERICA
HGDP00879	M	Russian	EUROPE
HGDP00880	M	Russian	EUROPE
HGDP00881	F	Russian	EUROPE
HGDP00882	M	Russian	EUROPE
HGDP00883	M	Russian	EUROPE
HGDP00884	F	Russian	EUROPE
HGDP00885	F	Russian	EUROPE
HGDP00886	M	Russian	EUROPE
HGDP00887	M	Russian	EUROPE
HGDP00888	M	Russian	EUROPE
HGDP00889	F	Russian	EUROPE
HGDP00890	M	Russian	EUROPE
HGDP00891	M	Russian	EUROPE
HGDP00892	M	Russian	EUROPE
HGDP00893	M	Russian	EUROPE
HGDP00894	M	Russian	EUROPE
HGDP00895	M	Russian	EUROPE
HGDP00896	M	Russian	EUROPE
HGDP00897	M	Russian	EUROPE
HGDP00898	F	Russian	EUROPE
HGDP00899	F	Russian	EUROPE
HGDP00900	M	Russian	EUROPE
HGDP00901	F	Russian	EUROPE
HGDP00902	F	Russian	EUROPE
HGDP00903	F	Russian	EUROPE
HGDP00904	M	Mandenka	AFRICA
HGDP00905	M	Mandenka	AFRICA
HGDP00906	M	Mandenka	AFRICA
HGDP00907	M	Mandenka	AFRICA
HGDP00908	M	Mandenka	AFRICA
HGDP00909	F	Mandenka	AFRICA
HGDP00910	F	Mandenka	AFRICA
HGDP00911	M	Mandenka	AFRICA
HGDP00912	M	Mandenka	AFRICA
HGDP00913	M	Mandenka	AFRICA
HGDP00914	F	Mandenka	AFRICA
HGDP00915	F	Mandenka	AFRICA
HGDP00917	F	Mandenka	AFRICA
HGDP00918	F	Mandenka	AFRICA
HGDP00920	F	Yoruba	AFRICA
HGDP00924	F	Yoruba	AFRICA
HGDP00925	F	Yoruba	AFRICA
HGDP00926	F	Yoruba	AFRICA
HGDP00927	M	Yoruba	AFRICA
HGDP00928	F	Yoruba	AFRICA
HGDP00929	M	Yoruba	AFRICA
HGDP00930	M	Yoruba	AFRICA
HGDP00931	M	Yoruba	AFRICA
HGDP00932	M	Yoruba	AFRICA
HGDP00933	F	Yoruba	AFRICA
HGDP00934	F	Yoruba	AFRICA
HGDP00935	F	Yoruba	AFRICA
HGDP00936	M	Yoruba	AFRICA
HGDP00937	M	Yoruba	AFRICA
HGDP00938	F	Yoruba	AFRICA
HGDP00939	F	Yoruba	AFRICA
HGDP00940	M	Yoruba	AFRICA
HGDP00941	M	Yoruba	AFRICA
HGDP00942	M	Yoruba	AFRICA
HGDP00943	M	Yoruba	AFRICA
HGDP00944	M	Yoruba	AFRICA
HGDP00945	M	Yakut	EAST_ASIA
HGDP00946	M	Yakut	EAST_ASIA
HGDP00947	M	Yakut	EAST_ASIA
HGDP00948	M	Yakut	EAST_ASIA
HGDP00949	M	Yakut	EAST_ASIA
HGDP00950	M	Yakut	EAST_ASIA
HGDP00951	M	Yakut	EAST_ASIA
HGDP00952	M	Yakut	EAST_ASIA
HGDP00953	M	Yakut	EAST_ASIA
HGDP00954	M	Yakut	EAST_ASIA
HGDP00955	F	Yakut	EAST_ASIA
HGDP00956	F	Yakut	EAST_ASIA
HGDP00957	F	Yakut	EAST_ASIA
HGDP00958	M	Yakut	EAST_ASIA
HGDP00959	F	Yakut	EAST_ASIA
HGDP00960	M	Yakut	EAST_ASIA
HGDP00961	M	Yakut	EAST_ASIA
HGDP00962	M	Yakut	EAST_ASIA
HGDP00963	F	Yakut	EAST_ASIA
HGDP00964	M	Yakut	EAST_ASIA
HGDP00965	M	Yakut	EAST_ASIA
HGDP00966	F	Yakut	EAST_ASIA
HGDP00967	F	Yakut	EAST_ASIA
HGDP00968	M	Yakut	EAST_ASIA
HGDP00969	M	Yakut	EAST_ASIA
HGDP00970	F	Colombian	AMERICA
HGDP00971	M	Han	EAST_ASIA
HGDP00972	F	Han	EAST_ASIA
HGDP00973	M	Han	EAST_ASIA
HGDP00974	F	Han	EAST_ASIA
HGDP00975	F	Han	EAST_ASIA
HGDP00976	F	Han	EAST_ASIA
HGDP00977	M	Han	EAST_ASIA
HGDP00982	M	Mbuti	AFRICA
HGDP00984	M	Mbuti	AFRICA
HGDP00985	M	Biaka	AFRICA
HGDP00986	M	Biaka	AFRICA
HGDP00987	M	San	AFRICA
HGDP00991	M	San	AFRICA
HGDP00992	M	San	AFRICA
HGDP00993	M	BantuSouthAfrica	AFRICA
HGDP00994	M	BantuSouthAfrica	AFRICA
HGDP00995	F	Karitiana	AMERICA
HGDP00998	M	Karitiana	AMERICA
HGDP00999	F	Karitiana	AMERICA
HGDP01001	F	Karitiana	AMERICA
HGDP01009	M	Karitiana	AMERICA
HGDP01010	F	Karitiana	AMERICA
HGDP01012	M	Karitiana	AMERICA
HGDP01013	M	Karitiana	AMERICA
HGDP01014	F	Karitiana	AMERICA
HGDP01015	M	Karitiana	AMERICA
HGDP01018	F	Karitiana	AMERICA
HGDP01019	M	Karitiana	AMERICA
HGDP01021	F	Han	EAST_ASIA
HGDP01023	F	Han	EAST_ASIA
HGDP01027	F	Bougainville	OCEANIA
HGDP01028	M	BantuSouthAfrica	AFRICA
HGDP01029	M	San	AFRICA
HGDP01030	M	BantuSouthAfrica	AFRICA
HGDP01031	M	BantuSouthAfrica	AFRICA
HGDP01032	M	San	AFRICA
HGDP01033	M	BantuSouthAfrica	AFRICA
HGDP01034	M	BantuSouthAfrica	AFRICA
HGDP01035	M	BantuSouthAfrica	AFRICA
HGDP01036	M	San	AFRICA
HGDP01037	M	Pima	AMERICA
HGDP01041	F	Pima	AMERICA
HGDP01043	M	Pima	AMERICA
HGDP01044	F	Pima	AMERICA
HGDP01047	M	Pima	AMERICA
HGDP01050	M	Pima	AMERICA
HGDP01053	F	Pima	AMERICA
HGDP01055	M	Pima	AMERICA
HGDP01056	F	Pima	AMERICA
HGDP01057	M	Pima	AMERICA
HGDP01058	F	Pima	AMERICA
HGDP01059	M	Pima	AMERICA
HGDP01060	M	Pima	AMERICA
HGDP01062	F	Sardinian	EUROPE
HGDP01063	M	Sardinian	EUROPE
HGDP01064	F	Sardinian	EUROPE
HGDP01065	F	Sardinian	EUROPE
HGDP01066	M	Sardinian	EUROPE
HGDP01067	M	Sardinian	EUROPE
HGDP01068	F	Sardinian	EUROPE
HGDP01069	M	Sardinian	EUROPE
HGDP01070	F	Sardinian	EUROPE
HGDP01071	M	Sardinian	EUROPE
HGDP01072	F	Sardinian	EUROPE
HGDP01073	M	Sardinian	EUROPE
HGDP01074	F	Sardinian	EUROPE
HGDP01075	M	Sardinian	EUROPE
HGDP01076	M	Sardinian	EUROPE
HGDP01077	M	Sardinian	EUROPE
HGDP01078	F	Sardinian	EUROPE
HGDP01079	M	Sardinian	EUROPE
HGDP01081	M	Mbuti	AFRICA
HGDP01086	M	Biaka	AFRICA
HGDP01090	M	Biaka	AFRICA
HGDP01094	M	Biaka	AFRICA
HGDP01095	M	Tujia	EAST_ASIA
HGDP01096	M	Tujia	EAST_ASIA
HGDP01098	F	Tujia	EAST_ASIA
HGDP01099	M	Tujia	EAST_ASIA
HGDP01100	M	Tujia	EAST_ASIA
HGDP01101	M	Tujia	EAST_ASIA
HGDP01102	M	Tujia	EAST_ASIA
HGDP01103	M	Tujia	EAST_ASIA
HGDP01104	M	Tujia	EAST_ASIA
HGDP01149	M	BergamoItalian	EUROPE
HGDP01151	M	BergamoItalian	EUROPE
HGDP01152	M	BergamoItalian	EUROPE
HGDP01153	M	BergamoItalian	EUROPE
HGDP01155	M	BergamoItalian	EUROPE
HGDP01156	F	BergamoItalian	EUROPE
HGDP01157	F	BergamoItalian	EUROPE
HGDP01161	M	Tuscan	EUROPE
HGDP01162	M	Tuscan	EUROPE
HGDP01163	M	Tuscan	EUROPE
HGDP01164	M	Tuscan	EUROPE
HGDP01166	M	Tuscan	EUROPE
HGDP01167	M	Tuscan	EUROPE
HGDP01168	F	Tuscan	EUROPE
HGDP01169	F	Tuscan	EUROPE
HGDP01171	F	BergamoItalian	EUROPE
HGDP01172	F	BergamoItalian	EUROPE
HGDP01173	M	BergamoItalian	EUROPE
HGDP01174	M	BergamoItalian	EUROPE
HGDP01177	F	BergamoItalian	EUROPE
HGDP01179	M	Yi	EAST_ASIA
HGDP01180	M	Yi	EAST_ASIA
HGDP01181	M	Yi	EAST_ASIA
HGDP01182	M	Yi	EAST_ASIA
HGDP01183	M	Yi	EAST_ASIA
HGDP01184	M	Yi	EAST_ASIA
HGDP01185	M	Yi	EAST_ASIA
HGDP01186	M	Yi	EAST_ASIA
HGDP01187	M	Yi	EAST_ASIA
HGDP01188	F	Yi	EAST_ASIA
HGDP01189	M	Miao	EAST_ASIA
HGDP01190	M	Miao	EAST_ASIA
HGDP01191	M	Miao	EAST_ASIA
HGDP01192	M	Miao	EAST_ASIA
HGDP01193	M	Miao	EAST_ASIA
HGDP01194	M	Miao	EAST_ASIA
HGDP01195	M	Miao	EAST_ASIA
HGDP01196	F	Miao	EAST_ASIA
HGDP01197	F	Miao	EAST_ASIA
HGDP01198	F	Miao	EAST_ASIA
HGDP01199	M	Mandenka	AFRICA
HGDP01200	M	Mandenka	AFRICA
HGDP01201	F	Mandenka	AFRICA
HGDP01202	M	Mandenka	AFRICA
HGDP01203	M	Oroqen	EAST_ASIA
HGDP01204	M	Oroqen	EAST_ASIA
HGDP01205	M	Oroqen	EAST_ASIA
HGDP01206	M	Oroqen	EAST_ASIA
HGDP01207	M	Oroqen	EAST_ASIA
HGDP01208	M	Oroqen	EAST_ASIA
HGDP01209	F	Oroqen	EAST_ASIA
HGDP01211	F	Oroqen	EAST_ASIA
HGDP01212	F	Oroqen	EAST_ASIA
HGDP01213	M	Daur	EAST_ASIA
HGDP01214	M	Daur	EAST_ASIA
HGDP01215	F	Daur	EAST_ASIA
HGDP01216	M	Daur	EAST_ASIA
HGDP01217	M	Daur	EAST_ASIA
HGDP01218	M	Daur	EAST_ASIA
HGDP01220	M	Daur	EAST_ASIA
HGDP01221	M	Daur	EAST_ASIA
HGDP01222	F	Daur	EAST_ASIA
HGDP01223	F	Mongolian	EAST_ASIA
HGDP01224	M	Mongolian	EAST_ASIA
HGDP01225	M	Mongolian	EAST_ASIA
HGDP01227	M	Mongolian	EAST_ASIA
HGDP01228	M	Mongolian	EAST_ASIA
HGDP01229	M	Mongolian	EAST_ASIA
HGDP01230	M	Mongolian	EAST_ASIA
HGDP01231	F	Mongolian	EAST_ASIA
HGDP01232	F	Mongolian	EAST_ASIA
HGDP01233	M	Hezhen	EAST_ASIA
HGDP01234	F	Hezhen	EAST_ASIA
HGDP01236	M	Hezhen	EAST_ASIA
HGDP01237	M	Hezhen	EAST_ASIA
HGDP01238	F	Hezhen	EAST_ASIA
HGDP01239	M	Hezhen	EAST_ASIA
HGDP01240	M	Hezhen	EAST_ASIA
HGDP01241	M	Hezhen	EAST_ASIA
HGDP01242	F	Hezhen	EAST_ASIA
HGDP01243	M	Xibo	EAST_ASIA
HGDP01244	M	Xibo	EAST_ASIA
HGDP01245	M	Xibo	EAST_ASIA
HGDP01246	M	Xibo	EAST_ASIA
HGDP01247	M	Xibo	EAST_ASIA
HGDP01248	M	Xibo	EAST_ASIA
HGDP01249	M	Xibo	EAST_ASIA
HGDP01250	M	Xibo	EAST_ASIA
HGDP01251	F	Xibo	EAST_ASIA
HGDP01253	M	Mozabite	MIDDLE_EAST
HGDP01254	F	Mozabite	MIDDLE_EAST
HGDP01255	M	Mozabite	MIDDLE_EAST
HGDP01256	M	Mozabite	MIDDLE_EAST
HGDP01257	M	Mozabite	MIDDLE_EAST
HGDP01258	M	Mozabite	MIDDLE_EAST
HGDP01259	M	Mozabite	MIDDLE_EAST
HGDP01260	M	Mozabite	MIDDLE_EAST
HGDP01261	M	Mozabite	MIDDLE_EAST
HGDP01262	M	Mozabite	MIDDLE_EAST
HGDP01263	M	Mozabite	MIDDLE_EAST
HGDP01264	M	Mozabite	MIDDLE_EAST
HGDP01265	M	Mozabite	MIDDLE_EAST
HGDP01266	M	Mozabite	MIDDLE_EAST
HGDP01267	F	Mozabite	MIDDLE_EAST
HGDP01268	M	Mozabite	MIDDLE_EAST
HGDP01269	M	Mozabite	MIDDLE_EAST
HGDP01270	F	Mozabite	MIDDLE_EAST
HGDP01271	M	Mozabite	MIDDLE_EAST
HGDP01272	M	Mozabite	MIDDLE_EAST
HGDP01274	F	Mozabite	MIDDLE_EAST
HGDP01275	F	Mozabite	MIDDLE_EAST
HGDP01276	F	Mozabite	MIDDLE_EAST
HGDP01277	F	Mozabite	MIDDLE_EAST
HGDP01279	M	Mozabite	MIDDLE_EAST
HGDP01280	F	Mozabite	MIDDLE_EAST
HGDP01282	M	Mozabite	MIDDLE_EAST
HGDP01283	M	Mandenka	AFRICA
HGDP01284	M	Mandenka	AFRICA
HGDP01285	M	Mandenka	AFRICA
HGDP01286	M	Mandenka	AFRICA
HGDP01287	F	NorthernHan	EAST_ASIA
HGDP01288	M	NorthernHan	EAST_ASIA
HGDP01289	M	NorthernHan	EAST_ASIA
HGDP01290	M	NorthernHan	EAST_ASIA
HGDP01291	F	NorthernHan	EAST_ASIA
HGDP01292	M	NorthernHan	EAST_ASIA
HGDP01293	M	NorthernHan	EAST_ASIA
HGDP01294	M	NorthernHan	EAST_ASIA
HGDP01295	M	NorthernHan	EAST_ASIA
HGDP01296	M	NorthernHan	EAST_ASIA
HGDP01297	M	Uygur	CENTRAL_SOUTH_ASIA
HGDP01298	M	Uygur	CENTRAL_SOUTH_ASIA
HGDP01299	M	Uygur	CENTRAL_SOUTH_ASIA
HGDP01300	M	Uygur	CENTRAL_SOUTH_ASIA
HGDP01301	M	Uygur	CENTRAL_SOUTH_ASIA
HGDP01302	M	Uygur	CENTRAL_SOUTH_ASIA
HGDP01303	M	Uygur	CENTRAL_SOUTH_ASIA
HGDP01304	M	Uygur	CENTRAL_SOUTH_ASIA
HGDP01305	F	Uygur	CENTRAL_SOUTH_ASIA
HGDP01306	F	Uygur	CENTRAL_SOUTH_ASIA
HGDP01307	M	Dai	EAST_ASIA
HGDP01308	M	Dai	EAST_ASIA
HGDP01309	M	Dai	EAST_ASIA
HGDP01310	M	Dai	EAST_ASIA
HGDP01311	M	Dai	EAST_ASIA
HGDP01312	M	Dai	EAST_ASIA
HGDP01313	M	Dai	EAST_ASIA
HGDP01314	F	Dai	EAST_ASIA
HGDP01315	F	Dai	EAST_ASIA
HGDP01317	M	Lahu	EAST_ASIA
HGDP01318	M	Lahu	EAST_ASIA
HGDP01319	M	Lahu	EAST_ASIA
HGDP01320	M	Lahu	EAST_ASIA
HGDP01321	M	Lahu	EAST_ASIA
HGDP01322	M	Lahu	EAST_ASIA
HGDP01323	F	Lahu	EAST_ASIA
HGDP01326	M	Lahu	EAST_ASIA
HGDP01327	M	She	EAST_ASIA
HGDP01328	M	She	EAST_ASIA
HGDP01329	M	She	EAST_ASIA
HGDP01330	M	She	EAST_ASIA
HGDP01331	M	She	EAST_ASIA
HGDP01332	M	She	EAST_ASIA
HGDP01333	M	She	EAST_ASIA
HGDP01334	F	She	EAST_ASIA
HGDP01335	F	She	EAST_ASIA
HGDP01336	F	She	EAST_ASIA
HGDP01337	M	Naxi	EAST_ASIA
HGDP01338	M	Naxi	EAST_ASIA
HGDP01339	M	Naxi	EAST_ASIA
HGDP01340	M	Naxi	EAST_ASIA
HGDP01341	M	Naxi	EAST_ASIA
HGDP01342	M	Naxi	EAST_ASIA
HGDP01345	F	Naxi	EAST_ASIA
HGDP01346	F	Naxi	EAST_ASIA
HGDP01347	M	Tu	EAST_ASIA
HGDP01348	M	Tu	EAST_ASIA
HGDP01349	M	Tu	EAST_ASIA
HGDP01350	M	Tu	EAST_ASIA
HGDP01351	M	Tu	EAST_ASIA
HGDP01352	M	Tu	EAST_ASIA
HGDP01353	M	Tu	EAST_ASIA
HGDP01354	F	Tu	EAST_ASIA
HGDP01355	F	Tu	EAST_ASIA
HGDP01356	F	Tu	EAST_ASIA
HGDP01357	M	Basque	EUROPE
HGDP01358	M	Basque	EUROPE
HGDP01359	M	Basque	EUROPE
HGDP01360	M	Basque	EUROPE
HGDP01361	M	Basque	EUROPE
HGDP01362	M	Basque	EUROPE
HGDP01363	F	Basque	EUROPE
HGDP01364	M	Basque	EUROPE
HGDP01365	F	Basque	EUROPE
HGDP01366	F	Basque	EUROPE
HGDP01367	F	Basque	EUROPE
HGDP01368	F	Basque	EUROPE
HGDP01369	F	Basque	EUROPE
HGDP01370	M	Basque	EUROPE
HGDP01372	M	Basque	EUROPE
HGDP01373	F	Basque	EUROPE
HGDP01374	M	Basque	EUROPE
HGDP01375	M	Basque	EUROPE
HGDP01376	M	Basque	EUROPE
HGDP01377	M	Basque	EUROPE
HGDP01378	M	Basque	EUROPE
HGDP01379	M	Basque	EUROPE
HGDP01380	F	Basque	EUROPE
HGDP01382	F	Adygei	EUROPE
HGDP01383	M	Adygei	EUROPE
HGDP01384	F	Adygei	EUROPE
HGDP01385	M	Adygei	EUROPE
HGDP01386	F	Adygei	EUROPE
HGDP01387	F	Adygei	EUROPE
HGDP01388	F	Adygei	EUROPE
HGDP01396	M	Adygei	EUROPE
HGDP01397	M	Adygei	EUROPE
HGDP01398	F	Adygei	EUROPE
HGDP01399	F	Adygei	EUROPE
HGDP01400	F	Adygei	EUROPE
HGDP01401	F	Adygei	EUROPE
HGDP01402	M	Adygei	EUROPE
HGDP01403	M	Adygei	EUROPE
HGDP01404	M	Adygei	EUROPE
HGDP01405	M	BantuKenya	AFRICA
HGDP01406	M	BantuKenya	AFRICA
HGDP01408	M	BantuKenya	AFRICA
HGDP01411	M	BantuKenya	AFRICA
HGDP01412	M	BantuKenya	AFRICA
HGDP01414	F	BantuKenya	AFRICA
HGDP01415	M	BantuKenya	AFRICA
HGDP01416	M	BantuKenya	AFRICA
HGDP01417	M	BantuKenya	AFRICA
HGDP01418	M	BantuKenya	AFRICA
HGDP01419	M	BantuKenya	AFRICA
